co_p_id,co_p_commentof
2501,2001
2502,2002
2503,2003
2504,2004
2505,2005
2506,2006
2507,2007
2508,2008
2509,2009
2510,2010
2511,2011
2512,2012
2513,2013
2514,2014
2515,2015
2516,2016
2517,2017
2518,2018
2519,2019
2520,2020
2521,2021
2522,2022
2523,2023
2524,2024
2525,2025
2526,2026
2527,2027
2528,2028
2529,2029
2530,2030
2531,2031
2532,2032
2533,2033
2534,2034
2535,2035
2536,2036
2537,2037
2538,2038
2539,2039
2540,2040
2541,2041
2542,2042
2543,2043
2544,2044
2545,2045
2546,2046
2547,2047
2548,2048
2549,2049
2550,2050
2551,2051
2552,2052
2553,2053
2554,2054
2555,2055
2556,2056
2557,2057
2558,2058
2559,2059
2560,2060
2561,2061
2562,2062
2563,2063
2564,2064
2565,2065
2566,2066
2567,2067
2568,2068
2569,2069
2570,2070
2571,2071
2572,2072
2573,2073
2574,2074
2575,2075
2576,2076
2577,2077
2578,2078
2579,2079
2580,2080
2581,2081
2582,2082
2583,2083
2584,2084
2585,2085
2586,2086
2587,2087
2588,2088
2589,2089
2590,2090
2591,2091
2592,2092
2593,2093
2594,2094
2595,2095
2596,2096
2597,2097
2598,2098
2599,2099
2600,2100
2601,2101
2602,2102
2603,2103
2604,2104
2605,2105
2606,2106
2607,2107
2608,2108
2609,2109
2610,2110
2611,2111
2612,2112
2613,2113
2614,2114
2615,2115
2616,2116
2617,2117
2618,2118
2619,2119
2620,2120
2621,2121
2622,2122
2623,2123
2624,2124
2625,2125
2626,2126
2627,2127
2628,2128
2629,2129
2630,2130
2631,2131
2632,2132
2633,2133
2634,2134
2635,2135
2636,2136
2637,2137
2638,2138
2639,2139
2640,2140
2641,2141
2642,2142
2643,2143
2644,2144
2645,2145
2646,2146
2647,2147
2648,2148
2649,2149
2650,2150
2651,2151
2652,2152
2653,2153
2654,2154
2655,2155
2656,2156
2657,2157
2658,2158
2659,2159
2660,2160
2661,2161
2662,2162
2663,2163
2664,2164
2665,2165
2666,2166
2667,2167
2668,2168
2669,2169
2670,2170
2671,2171
2672,2172
2673,2173
2674,2174
2675,2175
2676,2176
2677,2177
2678,2178
2679,2179
2680,2180
2681,2181
2682,2182
2683,2183
2684,2184
2685,2185
2686,2186
2687,2187
2688,2188
2689,2189
2690,2190
2691,2191
2692,2192
2693,2193
2694,2194
2695,2195
2696,2196
2697,2197
2698,2198
2699,2199
2700,2200
2701,2201
2702,2202
2703,2203
2704,2204
2705,2205
2706,2206
2707,2207
2708,2208
2709,2209
2710,2210
2711,2211
2712,2212
2713,2213
2714,2214
2715,2215
2716,2216
2717,2217
2718,2218
2719,2219
2720,2220
2721,2221
2722,2222
2723,2223
2724,2224
2725,2225
2726,2226
2727,2227
2728,2228
2729,2229
2730,2230
2731,2231
2732,2232
2733,2233
2734,2234
2735,2235
2736,2236
2737,2237
2738,2238
2739,2239
2740,2240
2741,2241
2742,2242
2743,2243
2744,2244
2745,2245
2746,2246
2747,2247
2748,2248
2749,2249
2750,2250
2751,2251
2752,2252
2753,2253
2754,2254
2755,2255
2756,2256
2757,2257
2758,2258
2759,2259
2760,2260
2761,2261
2762,2262
2763,2263
2764,2264
2765,2265
2766,2266
2767,2267
2768,2268
2769,2269
2770,2270
2771,2271
2772,2272
2773,2273
2774,2274
2775,2275
2776,2276
2777,2277
2778,2278
2779,2279
2780,2280
2781,2281
2782,2282
2783,2283
2784,2284
2785,2285
2786,2286
2787,2287
2788,2288
2789,2289
2790,2290
2791,2291
2792,2292
2793,2293
2794,2294
2795,2295
2796,2296
2797,2297
2798,2298
2799,2299
2800,2300
2801,2301
2802,2302
2803,2303
2804,2304
2805,2305
2806,2306
2807,2307
2808,2308
2809,2309
2810,2310
2811,2311
2812,2312
2813,2313
2814,2314
2815,2315
2816,2316
2817,2317
2818,2318
2819,2319
2820,2320
2821,2321
2822,2322
2823,2323
2824,2324
2825,2325
2826,2326
2827,2327
2828,2328
2829,2329
2830,2330
2831,2331
2832,2332
2833,2333
2834,2334
2835,2335
2836,2336
2837,2337
2838,2338
2839,2339
2840,2340
2841,2341
2842,2342
2843,2343
2844,2344
2845,2345
2846,2346
2847,2347
2848,2348
2849,2349
2850,2350
2851,2351
2852,2352
2853,2353
2854,2354
2855,2355
2856,2356
2857,2357
2858,2358
2859,2359
2860,2360
2861,2361
2862,2362
2863,2363
2864,2364
2865,2365
2866,2366
2867,2367
2868,2368
2869,2369
2870,2370
2871,2371
2872,2372
2873,2373
2874,2374
2875,2375
2876,2376
2877,2377
2878,2378
2879,2379
2880,2380
2881,2381
2882,2382
2883,2383
2884,2384
2885,2385
2886,2386
2887,2387
2888,2388
2889,2389
2890,2390
2891,2391
2892,2392
2893,2393
2894,2394
2895,2395
2896,2396
2897,2397
2898,2398
2899,2399
2900,2400
2901,2401
2902,2402
2903,2403
2904,2404
2905,2405
2906,2406
2907,2407
2908,2408
2909,2409
2910,2410
2911,2411
2912,2412
2913,2413
2914,2414
2915,2415
2916,2416
2917,2417
2918,2418
2919,2419
2920,2420
2921,2421
2922,2422
2923,2423
2924,2424
2925,2425
2926,2426
2927,2427
2928,2428
2929,2429
2930,2430
2931,2431
2932,2432
2933,2433
2934,2434
2935,2435
2936,2436
2937,2437
2938,2438
2939,2439
2940,2440
2941,2441
2942,2442
2943,2443
2944,2444
2945,2445
2946,2446
2947,2447
2948,2448
2949,2449
2950,2450
2951,2451
2952,2452
2953,2453
2954,2454
2955,2455
2956,2456
2957,2457
2958,2458
2959,2459
2960,2460
2961,2461
2962,2462
2963,2463
2964,2464
2965,2465
2966,2466
2967,2467
2968,2468
2969,2469
2970,2470
2971,2471
2972,2472
2973,2473
2974,2474
2975,2475
2976,2476
2977,2477
2978,2478
2979,2479
2980,2480
2981,2481
2982,2482
2983,2483
2984,2484
2985,2485
2986,2486
2987,2487
2988,2488
2989,2489
2990,2490
2991,2491
2992,2492
2993,2493
2994,2494
2995,2495
2996,2496
2997,2497
2998,2498
2999,2499
3000,2500
3001,2501
3002,2502
3003,2503
3004,2504
3005,2505
3006,2506
3007,2507
3008,2508
3009,2509
3010,2510
3011,2511
3012,2512
3013,2513
3014,2514
3015,2515
3016,2516
3017,2517
3018,2518
3019,2519
3020,2520
3021,2521
3022,2522
3023,2523
3024,2524
3025,2525
3026,2526
3027,2527
3028,2528
3029,2529
3030,2530
3031,2531
3032,2532
3033,2533
3034,2534
3035,2535
3036,2536
3037,2537
3038,2538
3039,2539
3040,2540
3041,2541
3042,2542
3043,2543
3044,2544
3045,2545
3046,2546
3047,2547
3048,2548
3049,2549
3050,2550
3051,2551
3052,2552
3053,2553
3054,2554
3055,2555
3056,2556
3057,2557
3058,2558
3059,2559
3060,2560
3061,2561
3062,2562
3063,2563
3064,2564
3065,2565
3066,2566
3067,2567
3068,2568
3069,2569
3070,2570
3071,2571
3072,2572
3073,2573
3074,2574
3075,2575
3076,2576
3077,2577
3078,2578
3079,2579
3080,2580
3081,2581
3082,2582
3083,2583
3084,2584
3085,2585
3086,2586
3087,2587
3088,2588
3089,2589
3090,2590
3091,2591
3092,2592
3093,2593
3094,2594
3095,2595
3096,2596
3097,2597
3098,2598
3099,2599
3100,2600
3101,2601
3102,2602
3103,2603
3104,2604
3105,2605
3106,2606
3107,2607
3108,2608
3109,2609
3110,2610
3111,2611
3112,2612
3113,2613
3114,2614
3115,2615
3116,2616
3117,2617
3118,2618
3119,2619
3120,2620
3121,2621
3122,2622
3123,2623
3124,2624
3125,2625
3126,2626
3127,2627
3128,2628
3129,2629
3130,2630
3131,2631
3132,2632
3133,2633
3134,2634
3135,2635
3136,2636
3137,2637
3138,2638
3139,2639
3140,2640
3141,2641
3142,2642
3143,2643
3144,2644
3145,2645
3146,2646
3147,2647
3148,2648
3149,2649
3150,2650
3151,2651
3152,2652
3153,2653
3154,2654
3155,2655
3156,2656
3157,2657
3158,2658
3159,2659
3160,2660
3161,2661
3162,2662
3163,2663
3164,2664
3165,2665
3166,2666
3167,2667
3168,2668
3169,2669
3170,2670
3171,2671
3172,2672
3173,2673
3174,2674
3175,2675
3176,2676
3177,2677
3178,2678
3179,2679
3180,2680
3181,2681
3182,2682
3183,2683
3184,2684
3185,2685
3186,2686
3187,2687
3188,2688
3189,2689
3190,2690
3191,2691
3192,2692
3193,2693
3194,2694
3195,2695
3196,2696
3197,2697
3198,2698
3199,2699
3200,2700
3201,2701
3202,2702
3203,2703
3204,2704
3205,2705
3206,2706
3207,2707
3208,2708
3209,2709
3210,2710
3211,2711
3212,2712
3213,2713
3214,2714
3215,2715
3216,2716
3217,2717
3218,2718
3219,2719
3220,2720
3221,2721
3222,2722
3223,2723
3224,2724
3225,2725
3226,2726
3227,2727
3228,2728
3229,2729
3230,2730
3231,2731
3232,2732
3233,2733
3234,2734
3235,2735
3236,2736
3237,2737
3238,2738
3239,2739
3240,2740
3241,2741
3242,2742
3243,2743
3244,2744
3245,2745
3246,2746
3247,2747
3248,2748
3249,2749
3250,2750
3251,2751
3252,2752
3253,2753
3254,2754
3255,2755
3256,2756
3257,2757
3258,2758
3259,2759
3260,2760
3261,2761
3262,2762
3263,2763
3264,2764
3265,2765
3266,2766
3267,2767
3268,2768
3269,2769
3270,2770
3271,2771
3272,2772
3273,2773
3274,2774
3275,2775
3276,2776
3277,2777
3278,2778
3279,2779
3280,2780
3281,2781
3282,2782
3283,2783
3284,2784
3285,2785
3286,2786
3287,2787
3288,2788
3289,2789
3290,2790
3291,2791
3292,2792
3293,2793
3294,2794
3295,2795
3296,2796
3297,2797
3298,2798
3299,2799
3300,2800
3301,2801
3302,2802
3303,2803
3304,2804
3305,2805
3306,2806
3307,2807
3308,2808
3309,2809
3310,2810
3311,2811
3312,2812
3313,2813
3314,2814
3315,2815
3316,2816
3317,2817
3318,2818
3319,2819
3320,2820
3321,2821
3322,2822
3323,2823
3324,2824
3325,2825
3326,2826
3327,2827
3328,2828
3329,2829
3330,2830
3331,2831
3332,2832
3333,2833
3334,2834
3335,2835
3336,2836
3337,2837
3338,2838
3339,2839
3340,2840
3341,2841
3342,2842
3343,2843
3344,2844
3345,2845
3346,2846
3347,2847
3348,2848
3349,2849
3350,2850
3351,2851
3352,2852
3353,2853
3354,2854
3355,2855
3356,2856
3357,2857
3358,2858
3359,2859
3360,2860
3361,2861
3362,2862
3363,2863
3364,2864
3365,2865
3366,2866
3367,2867
3368,2868
3369,2869
3370,2870
3371,2871
3372,2872
3373,2873
3374,2874
3375,2875
3376,2876
3377,2877
3378,2878
3379,2879
3380,2880
3381,2881
3382,2882
3383,2883
3384,2884
3385,2885
3386,2886
3387,2887
3388,2888
3389,2889
3390,2890
3391,2891
3392,2892
3393,2893
3394,2894
3395,2895
3396,2896
3397,2897
3398,2898
3399,2899
3400,2900
3401,2901
3402,2902
3403,2903
3404,2904
3405,2905
3406,2906
3407,2907
3408,2908
3409,2909
3410,2910
3411,2911
3412,2912
3413,2913
3414,2914
3415,2915
3416,2916
3417,2917
3418,2918
3419,2919
3420,2920
3421,2921
3422,2922
3423,2923
3424,2924
3425,2925
3426,2926
3427,2927
3428,2928
3429,2929
3430,2930
3431,2931
3432,2932
3433,2933
3434,2934
3435,2935
3436,2936
3437,2937
3438,2938
3439,2939
3440,2940
3441,2941
3442,2942
3443,2943
3444,2944
3445,2945
3446,2946
3447,2947
3448,2948
3449,2949
3450,2950
3451,2951
3452,2952
3453,2953
3454,2954
3455,2955
3456,2956
3457,2957
3458,2958
3459,2959
3460,2960
3461,2961
3462,2962
3463,2963
3464,2964
3465,2965
3466,2966
3467,2967
3468,2968
3469,2969
3470,2970
3471,2971
3472,2972
3473,2973
3474,2974
3475,2975
3476,2976
3477,2977
3478,2978
3479,2979
3480,2980
3481,2981
3482,2982
3483,2983
3484,2984
3485,2985
3486,2986
3487,2987
3488,2988
3489,2989
3490,2990
3491,2991
3492,2992
3493,2993
3494,2994
3495,2995
3496,2996
3497,2997
3498,2998
3499,2999
3500,3000
3501,3001
3502,3002
3503,3003
3504,3004
3505,3005
3506,3006
3507,3007
3508,3008
3509,3009
3510,3010
3511,3011
3512,3012
3513,3013
3514,3014
3515,3015
3516,3016
3517,3017
3518,3018
3519,3019
3520,3020
3521,3021
3522,3022
3523,3023
3524,3024
3525,3025
3526,3026
3527,3027
3528,3028
3529,3029
3530,3030
3531,3031
3532,3032
3533,3033
3534,3034
3535,3035
3536,3036
3537,3037
3538,3038
3539,3039
3540,3040
3541,3041
3542,3042
3543,3043
3544,3044
3545,3045
3546,3046
3547,3047
3548,3048
3549,3049
3550,3050
3551,3051
3552,3052
3553,3053
3554,3054
3555,3055
3556,3056
3557,3057
3558,3058
3559,3059
3560,3060
3561,3061
3562,3062
3563,3063
3564,3064
3565,3065
3566,3066
3567,3067
3568,3068
3569,3069
3570,3070
3571,3071
3572,3072
3573,3073
3574,3074
3575,3075
3576,3076
3577,3077
3578,3078
3579,3079
3580,3080
3581,3081
3582,3082
3583,3083
3584,3084
3585,3085
3586,3086
3587,3087
3588,3088
3589,3089
3590,3090
3591,3091
3592,3092
3593,3093
3594,3094
3595,3095
3596,3096
3597,3097
3598,3098
3599,3099
3600,3100
3601,3101
3602,3102
3603,3103
3604,3104
3605,3105
3606,3106
3607,3107
3608,3108
3609,3109
3610,3110
3611,3111
3612,3112
3613,3113
3614,3114
3615,3115
3616,3116
3617,3117
3618,3118
3619,3119
3620,3120
3621,3121
3622,3122
3623,3123
3624,3124
3625,3125
3626,3126
3627,3127
3628,3128
3629,3129
3630,3130
3631,3131
3632,3132
3633,3133
3634,3134
3635,3135
3636,3136
3637,3137
3638,3138
3639,3139
3640,3140
3641,3141
3642,3142
3643,3143
3644,3144
3645,3145
3646,3146
3647,3147
3648,3148
3649,3149
3650,3150
3651,3151
3652,3152
3653,3153
3654,3154
3655,3155
3656,3156
3657,3157
3658,3158
3659,3159
3660,3160
3661,3161
3662,3162
3663,3163
3664,3164
3665,3165
3666,3166
3667,3167
3668,3168
3669,3169
3670,3170
3671,3171
3672,3172
3673,3173
3674,3174
3675,3175
3676,3176
3677,3177
3678,3178
3679,3179
3680,3180
3681,3181
3682,3182
3683,3183
3684,3184
3685,3185
3686,3186
3687,3187
3688,3188
3689,3189
3690,3190
3691,3191
3692,3192
3693,3193
3694,3194
3695,3195
3696,3196
3697,3197
3698,3198
3699,3199
3700,3200
3701,3201
3702,3202
3703,3203
3704,3204
3705,3205
3706,3206
3707,3207
3708,3208
3709,3209
3710,3210
3711,3211
3712,3212
3713,3213
3714,3214
3715,3215
3716,3216
3717,3217
3718,3218
3719,3219
3720,3220
3721,3221
3722,3222
3723,3223
3724,3224
3725,3225
3726,3226
3727,3227
3728,3228
3729,3229
3730,3230
3731,3231
3732,3232
3733,3233
3734,3234
3735,3235
3736,3236
3737,3237
3738,3238
3739,3239
3740,3240
3741,3241
3742,3242
3743,3243
3744,3244
3745,3245
3746,3246
3747,3247
3748,3248
3749,3249
3750,3250
3751,3251
3752,3252
3753,3253
3754,3254
3755,3255
3756,3256
3757,3257
3758,3258
3759,3259
3760,3260
3761,3261
3762,3262
3763,3263
3764,3264
3765,3265
3766,3266
3767,3267
3768,3268
3769,3269
3770,3270
3771,3271
3772,3272
3773,3273
3774,3274
3775,3275
3776,3276
3777,3277
3778,3278
3779,3279
3780,3280
3781,3281
3782,3282
3783,3283
3784,3284
3785,3285
3786,3286
3787,3287
3788,3288
3789,3289
3790,3290
3791,3291
3792,3292
3793,3293
3794,3294
3795,3295
3796,3296
3797,3297
3798,3298
3799,3299
3800,3300
3801,3301
3802,3302
3803,3303
3804,3304
3805,3305
3806,3306
3807,3307
3808,3308
3809,3309
3810,3310
3811,3311
3812,3312
3813,3313
3814,3314
3815,3315
3816,3316
3817,3317
3818,3318
3819,3319
3820,3320
3821,3321
3822,3322
3823,3323
3824,3324
3825,3325
3826,3326
3827,3327
3828,3328
3829,3329
3830,3330
3831,3331
3832,3332
3833,3333
3834,3334
3835,3335
3836,3336
3837,3337
3838,3338
3839,3339
3840,3340
3841,3341
3842,3342
3843,3343
3844,3344
3845,3345
3846,3346
3847,3347
3848,3348
3849,3349
3850,3350
3851,3351
3852,3352
3853,3353
3854,3354
3855,3355
3856,3356
3857,3357
3858,3358
3859,3359
3860,3360
3861,3361
3862,3362
3863,3363
3864,3364
3865,3365
3866,3366
3867,3367
3868,3368
3869,3369
3870,3370
3871,3371
3872,3372
3873,3373
3874,3374
3875,3375
3876,3376
3877,3377
3878,3378
3879,3379
3880,3380
3881,3381
3882,3382
3883,3383
3884,3384
3885,3385
3886,3386
3887,3387
3888,3388
3889,3389
3890,3390
3891,3391
3892,3392
3893,3393
3894,3394
3895,3395
3896,3396
3897,3397
3898,3398
3899,3399
3900,3400
3901,3401
3902,3402
3903,3403
3904,3404
3905,3405
3906,3406
3907,3407
3908,3408
3909,3409
3910,3410
3911,3411
3912,3412
3913,3413
3914,3414
3915,3415
3916,3416
3917,3417
3918,3418
3919,3419
3920,3420
3921,3421
3922,3422
3923,3423
3924,3424
3925,3425
3926,3426
3927,3427
3928,3428
3929,3429
3930,3430
3931,3431
3932,3432
3933,3433
3934,3434
3935,3435
3936,3436
3937,3437
3938,3438
3939,3439
3940,3440
3941,3441
3942,3442
3943,3443
3944,3444
3945,3445
3946,3446
3947,3447
3948,3448
3949,3449
3950,3450
3951,3451
3952,3452
3953,3453
3954,3454
3955,3455
3956,3456
3957,3457
3958,3458
3959,3459
3960,3460
3961,3461
3962,3462
3963,3463
3964,3464
3965,3465
3966,3466
3967,3467
3968,3468
3969,3469
3970,3470
3971,3471
3972,3472
3973,3473
3974,3474
3975,3475
3976,3476
3977,3477
3978,3478
3979,3479
3980,3480
3981,3481
3982,3482
3983,3483
3984,3484
3985,3485
3986,3486
3987,3487
3988,3488
3989,3489
3990,3490
3991,3491
3992,3492
3993,3493
3994,3494
3995,3495
3996,3496
3997,3497
3998,3498
3999,3499
4000,3500
4001,3501
4002,3502
4003,3503
4004,3504
4005,3505
4006,3506
4007,3507
4008,3508
4009,3509
4010,3510
4011,3511
4012,3512
4013,3513
4014,3514
4015,3515
4016,3516
4017,3517
4018,3518
4019,3519
4020,3520
4021,3521
4022,3522
4023,3523
4024,3524
4025,3525
4026,3526
4027,3527
4028,3528
4029,3529
4030,3530
4031,3531
4032,3532
4033,3533
4034,3534
4035,3535
4036,3536
4037,3537
4038,3538
4039,3539
4040,3540
4041,3541
4042,3542
4043,3543
4044,3544
4045,3545
4046,3546
4047,3547
4048,3548
4049,3549
4050,3550
4051,3551
4052,3552
4053,3553
4054,3554
4055,3555
4056,3556
4057,3557
4058,3558
4059,3559
4060,3560
4061,3561
4062,3562
4063,3563
4064,3564
4065,3565
4066,3566
4067,3567
4068,3568
4069,3569
4070,3570
4071,3571
4072,3572
4073,3573
4074,3574
4075,3575
4076,3576
4077,3577
4078,3578
4079,3579
4080,3580
4081,3581
4082,3582
4083,3583
4084,3584
4085,3585
4086,3586
4087,3587
4088,3588
4089,3589
4090,3590
4091,3591
4092,3592
4093,3593
4094,3594
4095,3595
4096,3596
4097,3597
4098,3598
4099,3599
4100,3600
4101,3601
4102,3602
4103,3603
4104,3604
4105,3605
4106,3606
4107,3607
4108,3608
4109,3609
4110,3610
4111,3611
4112,3612
4113,3613
4114,3614
4115,3615
4116,3616
4117,3617
4118,3618
4119,3619
4120,3620
4121,3621
4122,3622
4123,3623
4124,3624
4125,3625
4126,3626
4127,3627
4128,3628
4129,3629
4130,3630
4131,3631
4132,3632
4133,3633
4134,3634
4135,3635
4136,3636
4137,3637
4138,3638
4139,3639
4140,3640
4141,3641
4142,3642
4143,3643
4144,3644
4145,3645
4146,3646
4147,3647
4148,3648
4149,3649
4150,3650
4151,3651
4152,3652
4153,3653
4154,3654
4155,3655
4156,3656
4157,3657
4158,3658
4159,3659
4160,3660
4161,3661
4162,3662
4163,3663
4164,3664
4165,3665
4166,3666
4167,3667
4168,3668
4169,3669
4170,3670
4171,3671
4172,3672
4173,3673
4174,3674
4175,3675
4176,3676
4177,3677
4178,3678
4179,3679
4180,3680
4181,3681
4182,3682
4183,3683
4184,3684
4185,3685
4186,3686
4187,3687
4188,3688
4189,3689
4190,3690
4191,3691
4192,3692
4193,3693
4194,3694
4195,3695
4196,3696
4197,3697
4198,3698
4199,3699
4200,3700
4201,3701
4202,3702
4203,3703
4204,3704
4205,3705
4206,3706
4207,3707
4208,3708
4209,3709
4210,3710
4211,3711
4212,3712
4213,3713
4214,3714
4215,3715
4216,3716
4217,3717
4218,3718
4219,3719
4220,3720
4221,3721
4222,3722
4223,3723
4224,3724
4225,3725
4226,3726
4227,3727
4228,3728
4229,3729
4230,3730
4231,3731
4232,3732
4233,3733
4234,3734
4235,3735
4236,3736
4237,3737
4238,3738
4239,3739
4240,3740
4241,3741
4242,3742
4243,3743
4244,3744
4245,3745
4246,3746
4247,3747
4248,3748
4249,3749
4250,3750
4251,3751
4252,3752
4253,3753
4254,3754
4255,3755
4256,3756
4257,3757
4258,3758
4259,3759
4260,3760
4261,3761
4262,3762
4263,3763
4264,3764
4265,3765
4266,3766
4267,3767
4268,3768
4269,3769
4270,3770
4271,3771
4272,3772
4273,3773
4274,3774
4275,3775
4276,3776
4277,3777
4278,3778
4279,3779
4280,3780
4281,3781
4282,3782
4283,3783
4284,3784
4285,3785
4286,3786
4287,3787
4288,3788
4289,3789
4290,3790
4291,3791
4292,3792
4293,3793
4294,3794
4295,3795
4296,3796
4297,3797
4298,3798
4299,3799
4300,3800
4301,3801
4302,3802
4303,3803
4304,3804
4305,3805
4306,3806
4307,3807
4308,3808
4309,3809
4310,3810
4311,3811
4312,3812
4313,3813
4314,3814
4315,3815
4316,3816
4317,3817
4318,3818
4319,3819
4320,3820
4321,3821
4322,3822
4323,3823
4324,3824
4325,3825
4326,3826
4327,3827
4328,3828
4329,3829
4330,3830
4331,3831
4332,3832
4333,3833
4334,3834
4335,3835
4336,3836
4337,3837
4338,3838
4339,3839
4340,3840
4341,3841
4342,3842
4343,3843
4344,3844
4345,3845
4346,3846
4347,3847
4348,3848
4349,3849
4350,3850
4351,3851
4352,3852
4353,3853
4354,3854
4355,3855
4356,3856
4357,3857
4358,3858
4359,3859
4360,3860
4361,3861
4362,3862
4363,3863
4364,3864
4365,3865
4366,3866
4367,3867
4368,3868
4369,3869
4370,3870
4371,3871
4372,3872
4373,3873
4374,3874
4375,3875
4376,3876
4377,3877
4378,3878
4379,3879
4380,3880
4381,3881
4382,3882
4383,3883
4384,3884
4385,3885
4386,3886
4387,3887
4388,3888
4389,3889
4390,3890
4391,3891
4392,3892
4393,3893
4394,3894
4395,3895
4396,3896
4397,3897
4398,3898
4399,3899
4400,3900
4401,3901
4402,3902
4403,3903
4404,3904
4405,3905
4406,3906
4407,3907
4408,3908
4409,3909
4410,3910
4411,3911
4412,3912
4413,3913
4414,3914
4415,3915
4416,3916
4417,3917
4418,3918
4419,3919
4420,3920
4421,3921
4422,3922
4423,3923
4424,3924
4425,3925
4426,3926
4427,3927
4428,3928
4429,3929
4430,3930
4431,3931
4432,3932
4433,3933
4434,3934
4435,3935
4436,3936
4437,3937
4438,3938
4439,3939
4440,3940
4441,3941
4442,3942
4443,3943
4444,3944
4445,3945
4446,3946
4447,3947
4448,3948
4449,3949
4450,3950
4451,3951
4452,3952
4453,3953
4454,3954
4455,3955
4456,3956
4457,3957
4458,3958
4459,3959
4460,3960
4461,3961
4462,3962
4463,3963
4464,3964
4465,3965
4466,3966
4467,3967
4468,3968
4469,3969
4470,3970
4471,3971
4472,3972
4473,3973
4474,3974
4475,3975
4476,3976
4477,3977
4478,3978
4479,3979
4480,3980
4481,3981
4482,3982
4483,3983
4484,3984
4485,3985
4486,3986
4487,3987
4488,3988
4489,3989
4490,3990
4491,3991
4492,3992
4493,3993
4494,3994
4495,3995
4496,3996
4497,3997
4498,3998
4499,3999
4500,4000
